Time_Stamp,pH_9011_Raw,pH_9011_Raw_lag5min,pH_9011_Raw_rollmean_30min,NTU_9011_Raw,NTU_9011_Raw_lag5min,NTU_9011_Raw_rollmean_30min,month,hour,dayofweek,hour_sin,hour_cos,pH_9021_Clarifier,pH_9021_Clarifier_lag5min,pH_9021_Clarifier_rollmean_30min,pH_9021_Clarifier_diff
2025-01-01 02:55:12,6.773228168487549,6.776519298553467,6.782161553700765,16.456886291503906,16.456886291503906,15.9927183787028,1,2,2,0.4999999999999999,0.8660254037844387,5.514981269836426,5.513570785522461,5.517567316691081,0.0014104843139648
2025-01-01 03:00:12,6.773228168487549,6.773228168487549,6.780124107996623,15.842013359069824,16.456886291503906,16.12533775965373,1,3,2,0.7071067811865476,0.7071067811865476,5.514981269836426,5.514981269836426,5.51639183362325,0.0
2025-01-01 03:05:12,6.7666449546813965,6.773228168487549,6.775892337163289,16.312210083007812,15.842013359069824,16.185619195302326,1,3,2,0.7071067811865476,0.7071067811865476,5.509338855743408,5.514981269836426,5.514589389165242,-0.0056424140930175
2025-01-01 03:10:12,6.7713470458984375,6.7666449546813965,6.773306290308635,15.842013359069824,16.312210083007812,16.318238576253254,1,3,2,0.7071067811865476,0.7071067811865476,5.4971137046813965,5.509338855743408,5.511219660441081,-0.0122251510620117
2025-01-01 03:15:12,6.770876884460449,6.7713470458984375,6.771974086761475,17.939815521240234,15.842013359069824,16.474970817565918,1,3,2,0.7071067811865476,0.7071067811865476,5.5018157958984375,5.4971137046813965,5.508633613586426,0.004702091217041
2025-01-01 03:20:12,6.767115592956543,6.770876884460449,6.77040680249532,20.688655853271484,17.939815521240234,17.18026574452718,1,3,2,0.7071067811865476,0.7071067811865476,5.49852466583252,5.5018157958984375,5.506125926971436,-0.003291130065917
2025-01-01 03:40:12,5.48347806930742,6.767115592956543,6.555448452631967,21.23119163513184,20.688655853271484,17.975983301798504,1,3,2,0.7071067811865476,0.7071067811865476,5.491706848144531,5.49852466583252,5.502246856689453,-0.0068178176879891
2025-01-01 04:20:13,6.7603140060542,5.48347806930742,6.553296092226407,22.822628021240234,21.23119163513184,19.139419078826904,1,4,2,0.8660254037844386,0.5000000000000001,5.484889030456543,5.491706848144531,5.497231483459473,-0.0068178176879882
2025-01-01 05:55:14,6.722446918487549,6.7603140060542,6.545929752860766,28.573495864868164,22.822628021240234,21.182966709136963,1,5,2,0.9659258262890684,0.2588190451025207,5.478306293487549,5.484889030456543,5.492059389750163,-0.0065827369689941
2025-01-01 06:25:14,6.723386364526367,6.722446918487549,6.537936305965421,30.81597137451172,28.573495864868164,23.67862637837728,1,6,2,1.0,6.123233995736766e-17,7.9908857345581,5.478306293487549,5.90768806139628,2.5125794410705518
2025-01-01 07:20:14,6.7332611083984375,6.723386364526367,6.531667009955086,26.439525604248047,30.81597137451172,25.09524472554525,1,7,2,0.9659258262890684,-0.2588190451025206,5.470312595367432,7.9908857345581,5.902437527974445,-2.5205731391906685
2025-01-01 07:25:14,6.7332611083984375,6.7332611083984375,6.526024595862069,27.74160957336425,26.439525604248047,26.27073701222737,1,7,2,0.9659258262890684,-0.2588190451025206,5.470312595367432,5.470312595367432,5.897735516230264,0.0
2025-01-01 07:30:14,6.7332611083984375,6.7332611083984375,6.734321769043905,33.27546310424805,27.74160957336425,28.27811559041341,1,7,2,0.9659258262890684,-0.2588190451025206,5.464670181274414,5.470312595367432,5.893229405085244,-0.0056424140930175
2025-01-01 07:35:14,6.738433361053467,6.7332611083984375,6.730674994877116,29.369213104248047,33.27546310424805,29.369213104248047,1,7,2,0.9659258262890684,-0.2588190451025206,5.463259696960449,5.464670181274414,5.889624516169229,-0.0014104843139648
2025-01-01 07:40:14,6.73796272277832,6.738433361053467,6.733260962258911,33.99884414672852,29.369213104248047,30.27343781789144,1,7,2,0.9659258262890684,-0.2588190451025206,5.464200019836426,5.463259696960449,5.887273470560708,0.0009403228759765
2025-01-01 07:45:14,6.738903522491455,6.73796272277832,6.735847155253093,26.87355232238769,33.99884414672852,29.61636797587077,1,7,2,0.9659258262890684,-0.2588190451025206,5.459498405456543,5.464200019836426,5.465375582377116,-0.0047016143798828
2025-01-01 07:50:14,6.7412543296813965,6.738903522491455,6.737179358800252,26.584199905395508,26.87355232238769,29.640480359395344,1,7,2,0.9659258262890684,-0.2588190451025206,5.45526647567749,5.459498405456543,5.462867895762126,-0.0042319297790527
2025-01-01 07:55:14,6.74313497543335,6.7412543296813965,6.738825003306071,29.22453689575196,26.584199905395508,29.88763491312663,1,7,2,0.9659258262890684,-0.2588190451025206,5.459498405456543,5.45526647567749,5.4610655307769775,0.0042319297790527
2025-01-01 08:00:14,6.7412543296813965,6.74313497543335,6.740157206853231,29.73090362548828,29.22453689575196,29.296875,1,8,2,0.8660254037844387,-0.4999999999999998,5.454795837402344,5.459498405456543,5.459419806798299,-0.0047025680541992
2025-01-01 08:05:14,6.735142230987549,6.7412543296813965,6.739608685175578,29.69473457336425,29.73090362548828,29.351128578186035,1,8,2,0.8660254037844387,-0.4999999999999998,5.456206798553467,5.454795837402344,5.458244323730469,0.001410961151123
2025-01-01 08:10:14,6.726678371429443,6.735142230987549,6.737727959950765,27.596933364868164,29.69473457336425,28.284143447875977,1,8,2,0.8660254037844387,-0.4999999999999998,5.452915668487549,5.456206798553467,5.456363598505656,-0.0032911300659179
2025-01-01 08:15:14,6.725738048553467,6.726678371429443,6.735533714294434,27.95862197875977,27.596933364868164,28.464988390604656,1,8,2,0.8660254037844387,-0.4999999999999998,5.452915668487549,5.452915668487549,5.45526647567749,0.0
2025-01-01 08:20:14,6.724327087402344,6.725738048553467,6.732712507247925,32.660587310791016,27.95862197875977,29.47771962483724,1,8,2,0.8660254037844387,-0.4999999999999998,5.450094223022461,5.452915668487549,5.454404433568318,-0.0028214454650878
2025-01-01 08:25:14,6.725738048553467,6.724327087402344,6.729813019434611,32.26272964477539,32.660587310791016,29.98408508300781,1,8,2,0.8660254037844387,-0.4999999999999998,5.450094223022461,5.450094223022461,5.452837069829305,0.0
2025-01-01 08:30:14,6.727148532867432,6.725738048553467,6.72746205329895,33.16695785522461,32.26272964477539,30.556760787963867,1,8,2,0.8660254037844387,-0.4999999999999998,5.450564384460449,5.450094223022461,5.452131827672322,0.0004701614379882
2025-01-01 08:35:14,6.73279096696044,6.727148532867432,6.7270701759610985,31.03298759460449,33.16695785522461,30.77980295817057,1,8,2,0.8660254037844387,-0.4999999999999998,7.97583614848164,5.450564384460449,5.872070052660352,2.5252717640211904
2025-01-01 08:40:15,6.7342013274414,6.73279096696044,6.728324001963092,27.922452926635746,31.03298759460449,30.834056218465168,1,8,2,0.8660254037844387,-0.4999999999999998,5.44774341587252,7.97583614848164,5.871208010557846,-2.528092732609119
2025-01-01 08:45:15,6.736083077026367,6.7342013274414,6.730048173375241,28.82667732238769,27.922452926635746,30.978732109069824,1,8,2,0.8660254037844387,-0.4999999999999998,5.454795837402344,5.44774341587252,5.871521372043645,0.0070524215298233
2025-01-01 09:25:15,6.743607613708496,6.736083077026367,6.733261594426267,35.51793670654297,28.82667732238769,31.454957008361816,1,9,2,0.7071067811865476,-0.7071067811865475,5.44603092956543,5.454795837402344,5.870844156467474,-0.0087649078369134
2025-01-01 09:30:15,6.709717712403344,6.743607613708496,6.730591538401247,33.13078689575195,35.51793670654297,31.59963321685791,1,9,2,0.7071067811865476,-0.7071067811865475,1.450094223022441,5.44603092956543,5.204177489800804,-3.995936706542989
2025-01-01 09:50:15,6.757711410522461,6.709717712403344,6.735685351343752,32.407405853271484,33.13078689575195,31.47304121653239,1,9,2,0.7071067811865476,-0.7071067811865475,5.449153900146484,1.450094223022441,5.20394240908181,3.9990596771240434
2025-01-01 09:55:15,6.761002540588379,6.757711410522461,6.740387280281742,40.14756774902344,32.407405853271484,32.99213790893555,1,9,2,0.7071067811865476,-0.7071067811865475,5.44821310043335,5.449153900146484,4.782671901073762,-0.0009407997131347
2025-01-01 10:00:15,6.759121894836426,6.761002540588379,6.744540708180911,41.52199172973633,40.14756774902344,35.25872770945231,1,10,2,0.4999999999999999,-0.8660254037844387,5.451974868774414,5.44821310043335,4.783377143224077,0.0037617683410644
2025-01-01 10:05:15,6.760062217712402,6.759121894836426,6.7485372316285845,34.21585464477539,41.52199172973633,36.15692392985026,1,10,2,0.4999999999999999,-0.8660254037844387,5.451974868774414,5.451974868774414,4.7829069817860885,0.0
2025-01-01 10:10:15,6.759592056274414,6.760062217712402,6.751201305389571,36.42216491699219,34.21585464477539,36.3076286315918,1,10,2,0.4999999999999999,-0.8660254037844387,5.44821310043335,5.451974868774414,4.783270676930742,-0.0037617683410644
2025-01-01 10:15:15,6.759592056274414,6.759592056274414,6.759513696034749,36.63917922973633,36.42216491699219,36.89236068725586,1,10,2,0.4999999999999999,-0.8660254037844387,5.452445030212402,5.44821310043335,5.450329144795735,0.0042319297790527
2025-01-01 10:20:15,6.75536060333252,6.759592056274414,6.759121894836426,37.47106170654297,36.63917922973633,37.73630332946777,1,10,2,0.4999999999999999,-0.8660254037844387,5.456676959991455,5.452445030212402,5.451582988103231,0.0042319297790527
2025-01-01 10:25:15,6.754420280456543,6.75536060333252,6.75802485148112,38.01359939575195,37.47106170654297,37.38064193725586,1,10,2,0.4999999999999999,-0.8660254037844387,5.453855514526367,5.456676959991455,5.452523390452067,-0.0028214454650878
2025-01-01 10:30:15,6.756771087646484,6.754420280456543,6.757633050282796,40.617767333984375,38.01359939575195,37.2299378712972,1,10,2,0.4999999999999999,-0.8660254037844387,5.463259696960449,5.453855514526367,5.454404195149739,0.009404182434082
2025-01-01 10:35:15,6.757711410522461,6.756771087646484,6.757241249084473,40.79861068725586,40.617767333984375,38.32706387837728,1,10,2,0.4999999999999999,-0.8660254037844387,5.461849212646484,5.463259696960449,5.456049919128418,-0.0014104843139648
2025-01-01 10:40:15,6.76335334777832,6.757711410522461,6.75786813100179,32.58824920654297,40.79861068725586,37.68807792663574,1,10,2,0.4999999999999999,-0.8660254037844387,5.464200019836426,5.461849212646484,5.458714405695598,0.0023508071899414
2025-01-01 10:45:15,6.766174793243408,6.76335334777832,6.758965253829956,38.41145706176758,32.58824920654297,37.98345756530762,1,10,2,0.4999999999999999,-0.8660254037844387,5.464200019836426,5.464200019836426,5.460673570632935,0.0
2025-01-01 10:50:15,6.768996238708496,6.766174793243408,6.761237859725952,33.745662689208984,38.41145706176758,37.36255772908529,1,10,2,0.4999999999999999,-0.8660254037844387,5.463259696960449,5.464200019836426,5.461770693461101,-0.0009403228759765
2025-01-01 10:55:15,6.77604866027832,6.768996238708496,6.764842589696248,35.15625,33.745662689208984,36.8863328297933,1,10,2,0.4999999999999999,-0.8660254037844387,5.46843147277832,5.463259696960449,5.464200019836426,0.005171775817871
2025-01-01 11:00:16,6.77839994430542,6.77604866027832,6.768447399139404,32.2265625,35.15625,35.4877986907959,1,11,2,0.258819045102521,-0.9659258262890682,5.470312595367432,5.46843147277832,5.465375502904256,0.0018811225891113
2025-01-01 11:05:15,6.77839994430542,6.77839994430542,6.771895488103231,36.566837310791016,32.2265625,34.78250312805176,1,11,2,0.258819045102521,-0.9659258262890682,5.47313404083252,5.470312595367432,5.467256307601929,0.0028214454650887
2025-01-01 11:10:16,6.77839994430542,6.77839994430542,6.774403254191081,34.758392333984375,36.566837310791016,35.14419364929199,1,11,2,0.258819045102521,-0.9659258262890682,5.477365493774414,5.47313404083252,5.46945055325826,0.0042314529418936
2025-01-01 11:15:16,6.78122091293335,6.77839994430542,6.776910940806071,39.82204818725586,34.758392333984375,35.3792921702067,1,11,2,0.258819045102521,-0.9659258262890682,5.4750142097473145,5.477365493774414,5.471252918243408,-0.0023512840270996
2025-01-01 11:20:16,6.7953267097473145,6.78122091293335,6.781299352645874,36.277488708496094,39.82204818725586,35.801263173421226,1,11,2,0.258819045102521,-0.9659258262890682,5.4877095222473145,5.4750142097473145,5.475327889124553,0.0126953125
2025-01-01 11:25:16,6.80661153793335,6.7953267097473145,6.786393165588379,33.347801208496094,36.277488708496094,35.499855041503906,1,11,2,0.258819045102521,-0.9659258262890682,5.487239837646484,5.4877095222473145,5.47846261660258,-0.00046968460083
2025-01-01 11:30:15,6.812724590301514,6.80661153793335,6.7921139399210615,34.90306854248047,33.347801208496094,35.94593938191732,1,11,2,0.258819045102521,-0.9659258262890682,5.492881774902344,5.487239837646484,5.482224146525065,0.0056419372558593
2025-01-01 11:35:16,6.819777488708496,6.812724590301514,6.799010197321574,40.36458206176758,34.90306854248047,36.57889684041341,1,11,2,0.258819045102521,-0.9659258262890682,5.504166603088379,5.492881774902344,5.487396240234375,0.0112848281860351
2025-01-01 11:40:16,6.821187973022461,6.819777488708496,6.806141535441081,37.32638931274414,40.36458206176758,37.006896336873375,1,11,2,0.258819045102521,-0.9659258262890682,5.51121997833252,5.504166603088379,5.493038654327393,0.0070533752441415
2025-01-01 11:45:16,6.823068618774414,6.821187973022461,6.813116153081258,41.08796310424805,37.32638931274414,37.21788215637207,1,11,2,0.258819045102521,-0.9659258262890682,5.522034168243408,5.51121997833252,5.500875314076741,0.0108141899108877
2025-01-01 11:50:16,6.818366527557373,6.823068618774414,6.816956122716268,34.43286895751953,41.08796310424805,36.91044553120931,1,11,2,0.258819045102521,-0.9659258262890682,5.5225043296813965,5.522034168243408,5.506674448649089,0.0004701614379882
2025-01-01 11:55:16,6.81366491317749,6.818366527557373,6.818131685256958,37.47106170654297,34.43286895751953,37.597655614217125,1,11,2,0.258819045102521,-0.9659258262890682,5.519683361053467,5.5225043296813965,5.512081702550252,-0.0028209686279296
2025-01-01 12:00:16,6.80661153793335,6.81366491317749,6.817112843195598,40.58160018920898,37.47106170654297,38.54407755533854,1,12,2,1.2246467991473532e-16,-1.0,5.51874303817749,5.519683361053467,5.51639191309611,-0.0009403228759765
2025-01-01 12:05:16,6.799558639526367,6.80661153793335,6.813743034998576,40.25607681274414,40.58160018920898,38.52599334716797,1,12,2,1.2246467991473532e-16,-1.0,5.5272064208984375,5.51874303817749,5.52023188273112,0.0084633827209472
2025-01-01 12:10:16,6.789684772491455,6.799558639526367,6.808492501576741,38.230613708496094,40.25607681274414,38.67669741312663,1,12,2,1.2246467991473532e-16,-1.0,5.529087543487549,5.5272064208984375,5.523209810256958,0.0018811225891113
2025-01-01 12:15:16,6.787803649902344,6.789684772491455,6.8026150067647295,41.12413024902344,38.230613708496094,38.6827252705892,1,12,2,1.2246467991473532e-16,-1.0,5.53661060333252,5.529087543487549,5.525639216105144,0.0075230598449715
2025-01-01 12:20:16,6.786863327026367,6.787803649902344,6.797364473342896,44.12615585327149,41.12413024902344,40.29827308654785,1,12,2,1.2246467991473532e-16,-1.0,5.541312217712402,5.53661060333252,5.528773864110311,0.0047016143798819
2025-01-01 12:25:16,6.780280590057373,6.786863327026367,6.791800419489543,41.84751129150391,44.12615585327149,41.02768135070801,1,12,2,1.2246467991473532e-16,-1.0,5.548835277557373,5.541312217712402,5.533632516860962,0.0075230598449707
2025-01-01 12:30:16,6.787803649902344,6.780280590057373,6.788665771484375,36.60300827026367,41.84751129150391,40.36458269755045,1,12,2,1.2246467991473532e-16,-1.0,5.5605902671813965,5.548835277557373,5.540607055028279,0.0117549896240234
2025-01-01 12:35:16,6.800029277801514,6.787803649902344,6.788744211196899,44.05381774902344,36.60300827026367,40.99753952026367,1,12,2,1.2246467991473532e-16,-1.0,5.621716022491455,5.5605902671813965,5.556358655293782,0.0611257553100585
2025-01-01 12:40:16,6.80143928527832,6.800029277801514,6.790703296661377,38.01359939575195,44.05381774902344,40.96137046813965,1,12,2,1.2246467991473532e-16,-1.0,5.583159923553467,5.621716022491455,5.565370718638103,-0.0385560989379882
2025-01-01 12:45:16,6.799558639526367,6.80143928527832,6.792662461598714,37.47106170654297,38.01359939575195,40.35252571105957,1,12,2,1.2246467991473532e-16,-1.0,5.579398155212402,5.583159923553467,5.572501977284749,-0.0037617683410644
2025-01-01 12:50:16,6.797207832336426,6.799558639526367,6.794386545817058,39.17100524902344,37.47106170654297,39.52666727701823,1,12,2,1.2246467991473532e-16,-1.0,5.583630084991455,5.579398155212402,5.579554955164592,0.0042319297790527
2025-01-01 12:55:16,6.801909923553467,6.797207832336426,6.797991434733073,40.0390625,39.17100524902344,39.225259145100914,1,12,2,1.2246467991473532e-16,-1.0,5.586451530456543,5.583630084991455,5.585824330647786,0.0028214454650878
2025-01-01 13:00:16,6.810373306274414,6.801909923553467,6.801753044128418,39.31568145751953,40.0390625,39.67737134297689,1,13,2,-0.2588190451025208,-0.9659258262890684,5.577047348022461,5.586451530456543,5.588567177454631,-0.009404182434082
2025-01-01 13:05:16,6.8174262046813965,6.810373306274414,6.804652531941732,39.31568145751953,39.31568145751953,38.88768196105957,1,13,2,-0.2588190451025208,-0.9659258262890684,5.556358337402344,5.577047348022461,5.577674229939778,-0.0206890106201171
2025-01-01 13:10:16,6.81883716583252,6.8174262046813965,6.807552178700765,43.51128768920898,39.31568145751953,39.80396334330241,1,13,2,-0.2588190451025208,-0.9659258262890684,5.55729866027832,5.556358337402344,5.573364019393921,0.0009403228759765
2025-01-01 13:15:16,6.817896842956543,6.81883716583252,6.810608545939128,46.51331329345703,43.51128768920898,41.31100527445475,1,13,2,-0.2588190451025208,-0.9659258262890684,5.557769298553467,5.55729866027832,5.569759209950765,0.0004706382751464
2025-01-01 13:20:16,6.827770709991455,6.817896842956543,6.815702358881633,40.90711975097656,46.51331329345703,41.60035769144694,1,13,2,-0.2588190451025208,-0.9659258262890684,5.56200122833252,5.557769298553467,5.566154400507609,0.0042319297790536
2025-01-01 13:25:16,6.827300548553467,6.827770709991455,6.819934129714966,39.496524810791016,40.90711975097656,41.509934743245445,1,13,2,-0.2588190451025208,-0.9659258262890684,5.566702842712402,5.56200122833252,5.562862952550252,0.0047016143798819
2025-01-01 13:30:16,6.824949264526367,6.827300548553467,6.822363456090291,43.76446914672852,39.496524810791016,42.25139935811361,1,13,2,-0.2588190451025208,-0.9659258262890684,5.567173480987549,5.566702842712402,5.561217308044434,0.0004706382751464
2025-01-01 13:35:16,6.818366527557373,6.824949264526367,6.822520176569621,44.379337310791016,43.76446914672852,43.09534200032552,1,13,2,-0.2588190451025208,-0.9659258262890684,5.572815418243408,5.567173480987549,5.563960154851277,0.0056419372558593
2025-01-01 13:40:16,6.80614185333252,6.818366527557373,6.820404291152954,47.09201431274414,44.379337310791016,43.69212977091471,1,13,2,-0.2588190451025208,-0.9659258262890684,5.604318618774414,5.572815418243408,5.571796814600627,0.0315032005310058
2025-01-01 13:45:16,6.7953267097473145,6.80614185333252,6.816642602284749,42.89641189575195,47.09201431274414,43.0893128712972,1,13,2,-0.2588190451025208,-0.9659258262890684,5.606669902801514,5.604318618774414,5.579946915308635,0.0023512840270996
2025-01-01 13:50:16,6.794857025146484,6.7953267097473145,6.811156988143921,34.613712310791016,42.89641189575195,42.040411631266274,1,13,2,-0.2588190451025208,-0.9659258262890684,5.592564105987549,5.606669902801514,5.58504072825114,-0.0141057968139648
2025-01-01 13:55:17,6.798618793487549,6.794857025146484,6.806376695632935,37.688079833984375,34.613712310791016,41.73900413513184,1,13,2,-0.2588190451025208,-0.9659258262890684,5.57469654083252,5.592564105987549,5.586373011271159,-0.0178675651550284
2025-01-01 14:00:17,6.802380084991455,6.798618793487549,6.802615165710449,48.64728164672852,37.688079833984375,42.55280621846517,1,14,2,-0.4999999999999997,-0.8660254037844388,5.566702842712402,5.57469654083252,5.586294571558635,-0.007993698120118
2025-01-01 14:05:16,6.80614185333252,6.802380084991455,6.800577720006307,35.337093353271484,48.64728164672852,41.04576555887858,1,14,2,-0.4999999999999997,-0.8660254037844388,5.566702842712402,5.566702842712402,5.585275808970134,0.0
2025-01-01 14:10:17,6.8094329833984375,6.80614185333252,6.80112624168396,39.96672439575195,35.337093353271484,39.85821723937988,1,14,2,-0.4999999999999997,-0.8660254037844388,5.54695463180542,5.566702842712402,5.575715144475301,-0.0197482109069824
2025-01-01 14:15:17,6.80661153793335,6.8094329833984375,6.803007046381633,43.113426208496094,39.96672439575195,39.89438629150391,1,14,2,-0.4999999999999997,-0.8660254037844388,5.52438497543335,5.54695463180542,5.56200098991394,-0.0225696563720703
2025-01-01 14:20:17,6.8080220222473145,6.80661153793335,6.8052012125651045,39.67737579345703,43.113426208496094,40.73833020528158,1,14,2,-0.4999999999999997,-0.8660254037844388,5.542252540588379,5.52438497543335,5.553615729014079,0.0178675651550292
2025-01-01 14:25:17,6.804260730743408,6.8080220222473145,6.806141535441081,46.15161895751953,39.67737579345703,42.1489200592041,1,14,2,-0.4999999999999997,-0.8660254037844388,5.542252540588379,5.542252540588379,5.548208395640056,0.0
2025-01-01 14:30:17,6.805671215057373,6.804260730743408,6.806690057118733,35.337093353271484,46.15161895751953,39.93055534362793,1,14,2,-0.4999999999999997,-0.8660254037844388,5.555418014526367,5.542252540588379,5.546327590942383,0.0131654739379882
2025-01-01 14:35:17,6.813194274902344,6.805671215057373,6.807865460713704,38.88165664672852,35.337093353271484,40.52131589253744,1,14,2,-0.4999999999999997,-0.8660254037844388,5.53708028793335,5.555418014526367,5.541390498479207,-0.0183377265930175
2025-01-01 14:40:17,6.81883716583252,6.813194274902344,6.809432824452718,38.80931854248047,38.88165664672852,40.32841491699219,1,14,2,-0.4999999999999997,-0.8660254037844388,5.520153522491455,5.53708028793335,5.53692364692688,-0.0169267654418945
2025-01-01 14:45:17,6.817896842956543,6.81883716583252,6.81131370862325,37.00086975097656,38.80931854248047,39.3096555074056,1,14,2,-0.4999999999999997,-0.8660254037844388,5.532848834991455,5.520153522491455,5.538334290186564,0.0126953125
2025-01-01 14:50:17,6.816015720367432,6.817896842956543,6.81264599164327,37.43489456176758,37.00086975097656,38.93590863545736,1,14,2,-0.4999999999999997,-0.8660254037844388,5.53708028793335,5.532848834991455,5.537472248077393,0.0042314529418945
2025-01-01 14:55:17,6.810843467712402,6.816015720367432,6.813743114471436,37.36255645751953,37.43489456176758,37.47106488545736,1,14,2,-0.4999999999999997,-0.8660254037844388,5.573756217956543,5.53708028793335,5.542722860972087,0.0366759300231933
2025-01-01 15:00:17,6.80661153793335,6.810843467712402,6.813899834950765,39.27951431274414,37.36255645751953,38.12813504536947,1,15,2,-0.7071067811865471,-0.7071067811865479,5.572815418243408,5.573756217956543,5.54562242825826,-0.0009407997131347
2025-01-01 15:05:17,6.825419902801514,6.80661153793335,6.815937439600627,34.64988327026367,39.27951431274414,37.42283948262533,1,15,2,-0.7071067811865471,-0.7071067811865479,5.546484470367432,5.572815418243408,5.5471897919972735,-0.0263309478759765
2025-01-01 15:10:17,6.853161334991455,6.825419902801514,6.821658134460449,35.988136291503906,34.64988327026367,36.9526424407959,1,15,2,-0.7071067811865471,-0.7071067811865479,5.53143835067749,5.546484470367432,5.549070596694946,-0.0150461196899414
2025-01-01 15:15:17,6.8714985847473145,6.853161334991455,6.830591758092244,35.698787689208984,35.988136291503906,36.73562876383463,1,15,2,-0.7071067811865471,-0.7071067811865479,5.546014308929443,5.53143835067749,5.551264842351277,0.0145759582519531
2025-01-01 15:20:17,6.879022121429443,6.8714985847473145,6.841092824935913,34.97540664672852,35.698787689208984,36.325714111328125,1,15,2,-0.7071067811865471,-0.7071067811865479,5.550716400146484,5.546014308929443,5.553537527720134,0.004702091217041
2025-01-01 15:25:17,6.881373405456543,6.879022121429443,6.8528478145599365,35.66261672973633,34.97540664672852,36.04239082336426,1,15,2,-0.7071067811865471,-0.7071067811865479,5.554007530212402,5.550716400146484,5.550246079762776,0.0032911300659179
2025-01-01 15:30:17,6.883724212646484,6.881373405456543,6.865699927012126,33.89033508300781,35.66261672973633,35.14419428507487,1,15,2,-0.7071067811865471,-0.7071067811865479,5.5525970458984375,5.554007530212402,5.546876351038615,-0.0014104843139648
2025-01-01 15:35:17,6.876201152801514,6.883724212646484,6.874163468678792,34.90306854248047,33.89033508300781,35.186391830444336,1,15,2,-0.7071067811865471,-0.7071067811865479,5.546014308929443,5.5525970458984375,5.54679799079895,-0.0065827369689941
2025-01-01 15:40:17,6.86491584777832,6.876201152801514,6.87612255414327,37.86892318725586,34.90306854248047,35.499856313069664,1,15,2,-0.7071067811865471,-0.7071067811865479,5.553067207336426,5.546014308929443,5.550402800242106,0.0070528984069824
2025-01-01 15:45:17,6.857863426208496,6.86491584777832,6.873850027720134,37.32638931274414,37.86892318725586,35.77112325032552,1,15,2,-0.7071067811865471,-0.7071067811865479,5.574225902557373,5.553067207336426,5.555104732513428,0.0211586952209472
2025-01-01 15:50:17,6.852691173553467,6.857863426208496,6.869461536407471,38.519962310791016,37.32638931274414,36.36188252766927,1,15,2,-0.7071067811865471,-0.7071067811865479,5.5859808921813965,5.574225902557373,5.56098214785258,0.0117549896240234
2025-01-01 15:55:17,6.853161334991455,6.852691173553467,6.864759524663289,37.47106170654297,38.519962310791016,36.66329002380371,1,15,2,-0.7071067811865471,-0.7071067811865479,5.56999397277832,5.5859808921813965,5.563646554946899,-0.0159869194030761
2025-01-01 16:00:17,6.853161334991455,6.853161334991455,6.859665711720784,37.07320785522461,37.47106170654297,37.19376881917318,1,16,2,-0.8660254037844385,-0.5000000000000004,5.546014308929443,5.56999397277832,5.562549432118733,-0.0239796638488769
2025-01-01 16:05:17,6.845638275146484,6.853161334991455,6.854571898778279,40.50925827026367,37.07320785522461,38.12813377380371,1,16,2,-0.8660254037844385,-0.5000000000000004,5.548835277557373,5.546014308929443,5.563019593556722,0.0028209686279296
2025-01-01 16:10:17,6.83200216293335,6.845638275146484,6.849086284637451,39.78588104248047,40.50925827026367,38.44762674967448,1,16,2,-0.8660254037844385,-0.5000000000000004,5.548835277557373,5.548835277557373,5.56231427192688,0.0
2025-01-01 16:15:17,6.8221282958984375,6.83200216293335,6.843130429585774,40.72627258300781,39.78588104248047,39.01427396138509,1,16,2,-0.8660254037844385,-0.5000000000000004,5.558239459991455,5.548835277557373,5.5596498648325605,0.009404182434082
2025-01-01 16:20:17,6.813194274902344,6.8221282958984375,6.836547613143921,43.98147964477539,40.72627258300781,39.924526850382485,1,16,2,-0.8660254037844385,-0.5000000000000004,5.5765767097473145,5.558239459991455,5.558082501093547,0.0183372497558593
2025-01-01 16:25:17,6.810373306274414,6.813194274902344,6.829416275024414,42.60706329345703,43.98147964477539,40.78052711486816,1,16,2,-0.8660254037844385,-0.5000000000000004,5.581279277801514,5.5765767097473145,5.559963385264079,0.0047025680541992
2025-01-01 16:30:17,6.807082176208496,6.810373306274414,6.821736415227254,44.05381774902344,42.60706329345703,41.94396209716797,1,16,2,-0.8660254037844385,-0.5000000000000004,5.57469654083252,5.581279277801514,5.564743757247925,-0.0065827369689932
2025-01-01 16:35:17,6.8094329833984375,6.807082176208496,6.815702199935913,45.10271835327149,44.05381774902344,42.70953877766927,1,16,2,-0.8660254037844385,-0.5000000000000004,5.566702842712402,5.57469654083252,5.567721684773763,-0.007993698120118
2025-01-01 16:40:18,6.815545558929443,6.8094329833984375,6.812959432601929,44.95804214477539,45.10271835327149,43.57156562805176,1,16,2,-0.8660254037844385,-0.5000000000000004,5.56200122833252,5.566702842712402,5.569916009902954,-0.0047016143798819
2025-01-01 16:45:17,6.820247650146484,6.815545558929443,6.81264599164327,43.47511672973633,44.95804214477539,44.02970631917318,1,16,2,-0.8660254037844385,-0.5000000000000004,5.557769298553467,5.56200122833252,5.569837649663289,-0.0042319297790536
2025-01-01 16:50:18,6.832942962646484,6.820247650146484,6.815937439600627,43.29426956176758,43.47511672973633,43.91517130533854,1,16,2,-0.8660254037844385,-0.5000000000000004,5.55964994430542,5.557769298553467,5.567016522089641,0.0018806457519531
2025-01-01 16:55:18,6.835293769836426,6.832942962646484,6.820090850194295,46.94733810424805,43.29426956176758,44.638550440470375,1,16,2,-0.8660254037844385,-0.5000000000000004,5.558239459991455,5.55964994430542,5.563176552454631,-0.0014104843139648
2025-01-01 17:00:18,6.83200216293335,6.835293769836426,6.8242441813151045,46.875,46.94733810424805,45.108747482299805,1,17,2,-0.9659258262890684,-0.2588190451025206,5.561060905456543,5.558239459991455,5.560903946558635,0.0028214454650878
2025-01-01 17:05:18,6.82682991027832,6.83200216293335,6.827143669128418,46.73032379150391,46.875,45.38001505533854,1,17,2,-0.9659258262890684,-0.2588190451025206,5.566702842712402,5.561060905456543,5.560903946558635,0.0056419372558593
2025-01-01 17:10:18,6.810843467712402,6.82682991027832,6.826359987258911,44.12615585327149,46.73032379150391,45.24136734008789,1,17,2,-0.9659258262890684,-0.2588190451025206,5.579868793487549,5.566702842712402,5.563881874084473,0.0131659507751464
2025-01-01 17:15:18,6.79391622543335,6.810843467712402,6.821971416473389,47.92390060424805,44.12615585327149,45.98283131917318,1,17,2,-0.9659258262890684,-0.2588190451025206,5.588802337646484,5.579868793487549,5.5690540472666425,0.0089335441589355
2025-01-01 17:20:18,6.785452842712402,6.79391622543335,6.814056396484375,46.875,47.92390060424805,46.57961972554525,1,17,2,-0.9659258262890684,-0.2588190451025206,5.5859808921813965,5.588802337646484,5.573442538579305,-0.0028214454650878
2025-01-01 17:25:18,6.774168014526367,6.785452842712402,6.803868770599365,46.043113708496094,46.875,46.428915659586586,1,17,2,-0.9659258262890684,-0.2588190451025206,5.578457832336426,5.5859808921813965,5.576812267303467,-0.0075230598449707
2025-01-01 17:30:18,6.77604866027832,6.774168014526367,6.794543186823527,48.57494354248047,46.043113708496094,46.712239583333336,1,17,2,-0.9659258262890684,-0.2588190451025206,5.583159923553467,5.578457832336426,5.580495436986287,0.004702091217041
2025-01-01 17:35:18,6.778870105743408,6.77604866027832,6.786549886067708,47.09201431274414,48.57494354248047,46.772521336873375,1,17,2,-0.9659258262890684,-0.2588190451025206,5.583630084991455,5.583159923553467,5.583316644032796,0.0004701614379882
2025-01-01 17:40:18,6.78827428817749,6.778870105743408,6.782788356145223,50.63657379150391,47.09201431274414,47.857590993245445,1,17,2,-0.9659258262890684,-0.2588190451025206,5.581748962402344,5.583630084991455,5.583630005518596,-0.0018811225891113
2025-01-01 17:45:18,6.80143928527832,6.78827428817749,6.784042199452718,50.81741714477539,50.63657379150391,48.33984375,1,17,2,-0.9659258262890684,-0.2588190451025206,5.58221960067749,5.581748962402344,5.58253288269043,0.0004706382751464
2025-01-01 17:50:18,6.812724590301514,6.80143928527832,6.78858749071757,50.45573043823242,50.81741714477539,48.93663215637207,1,17,2,-0.9659258262890684,-0.2588190451025206,5.580808639526367,5.58221960067749,5.581670840581258,-0.001410961151123
2025-01-01 17:55:18,6.827300548553467,6.812724590301514,6.79744291305542,48.57494354248047,50.45573043823242,49.35860379536947,1,17,2,-0.9659258262890684,-0.2588190451025206,5.579868793487549,5.580808639526367,5.581906000773112,-0.0009398460388183
2025-01-01 18:00:18,6.837644577026367,6.827300548553467,6.807708899180095,48.39410018920898,48.57494354248047,49.32846323649088,1,18,2,-1.0,-1.8369701987210294e-16,5.5765767097473145,5.579868793487549,5.580808798472087,-0.0032920837402343
2025-01-01 18:05:18,6.852691173553467,6.837644577026367,6.8200124104817705,47.56221008300781,48.39410018920898,49.4068291982015,1,18,2,-1.0,-1.8369701987210294e-16,5.57469654083252,5.5765767097473145,5.579319874445598,-0.001880168914794
2025-01-01 18:10:18,6.869147777557373,6.852691173553467,6.833491325378418,48.03240585327149,47.56221008300781,48.972801208496094,1,18,2,-1.0,-1.8369701987210294e-16,5.577517509460449,5.57469654083252,5.578614632288615,0.0028209686279287
2025-01-01 18:15:18,6.866796970367432,6.869147777557373,6.84438427289327,49.949363708496094,48.03240585327149,48.82812563578288,1,18,2,-1.0,-1.8369701987210294e-16,5.57516622543335,5.577517509460449,5.577439069747925,-0.0023512840270996
2025-01-01 18:20:18,6.856452465057373,6.866796970367432,6.851672252019246,51.179107666015625,49.949363708496094,48.94868850708008,1,18,2,-1.0,-1.8369701987210294e-16,5.571404933929443,5.57516622543335,5.5758717854817705,-0.0037612915039062
2025-01-01 18:25:18,6.847048759460449,6.856452465057373,6.854963620503743,65.53820037841797,51.179107666015625,51.77589797973633,1,18,2,-1.0,-1.8369701987210294e-16,5.565762519836426,5.571404933929443,5.57352073987325,-0.0056424140930175
2025-01-01 18:30:18,6.845638275146484,6.847048759460449,6.856295903523763,49.262149810791016,65.53820037841797,51.92057291666666,1,18,2,-1.0,-1.8369701987210294e-16,5.558239459991455,5.565762519836426,5.570464531580607,-0.0075230598449707
2025-01-01 18:35:18,6.849400043487549,6.845638275146484,6.85574738184611,53.02372741699219,49.262149810791016,52.83082580566406,1,18,2,-1.0,-1.8369701987210294e-16,5.558709621429443,5.558239459991455,5.567800045013428,0.0004701614379882
2025-01-01 18:40:18,6.847048759460449,6.849400043487549,6.852064212163289,54.18113327026367,53.02372741699219,53.855613708496094,1,18,2,-1.0,-1.8369701987210294e-16,5.550246238708496,5.558709621429443,5.563254833221436,-0.0084633827209472
2025-01-01 18:45:18,6.84469747543335,6.847048759460449,6.848380963007609,54.144962310791016,54.18113327026367,54.55488014221192,1,18,2,-1.0,-1.8369701987210294e-16,5.550716400146484,5.550246238708496,5.559179862340291,0.0004701614379882
2025-01-01 18:50:18,6.839995861053467,6.84469747543335,6.845638195673625,55.04918670654297,54.144962310791016,55.19989331563314,1,18,2,-1.0,-1.8369701987210294e-16,5.5478949546813965,5.550716400146484,5.555261532465617,-0.0028214454650878
2025-01-01 18:55:18,6.83200216293335,6.839995861053467,6.843130429585774,54.832176208496094,55.04918670654297,53.41555595397949,1,18,2,-1.0,-1.8369701987210294e-16,5.550716400146484,5.5478949546813965,5.552753845850627,0.0028214454650878
2025-01-01 19:00:18,6.828240871429443,6.83200216293335,6.8402308622996015,57.79803085327149,54.832176208496094,54.838202794392906,1,19,2,-0.9659258262890684,0.2588190451025203,5.546014308929443,5.550716400146484,5.550716320673625,-0.004702091217041
2025-01-01 19:05:18,6.828240871429443,6.828240871429443,6.83670433362325,53.96411895751953,57.79803085327149,54.994934717814125,1,19,2,-0.9659258262890684,0.2588190451025203,5.542252540588379,5.546014308929443,5.54797347386678,-0.0037617683410644
2025-01-01 19:10:19,6.8301215171813965,6.828240871429443,6.833883126576741,53.09606170654297,53.96411895751953,54.81408945719401,1,19,2,-0.9659258262890684,0.2588190451025203,5.541312217712402,5.542252540588379,5.546484470367432,-0.0009403228759765
2025-01-01 19:15:18,6.833883285522461,6.8301215171813965,6.832080761591594,55.266204833984375,53.09606170654297,55.00096321105957,1,19,2,-0.9659258262890684,0.2588190451025203,5.540842056274414,5.541312217712402,5.544838746388753,-0.0004701614379882
2025-01-01 19:20:19,6.827300548553467,6.833883285522461,6.829964876174927,57.40017318725586,55.266204833984375,55.39279429117838,1,19,2,-0.9659258262890684,0.2588190451025203,5.541782855987549,5.540842056274414,5.543820063273112,0.0009407997131347
2025-01-01 19:25:19,6.824479103088379,6.827300548553467,6.828711032867432,55.55555725097656,57.40017318725586,55.51335779825846,1,19,2,-0.9659258262890684,0.2588190451025203,5.5384907722473145,5.541782855987549,5.54178245862325,-0.0032920837402343
2025-01-01 19:30:19,6.81883716583252,6.824479103088379,6.827143748601277,58.48524475097656,55.55555725097656,55.62789344787598,1,19,2,-0.9659258262890684,0.2588190451025203,5.53190803527832,5.5384907722473145,5.5394314130147295,-0.0065827369689941
2025-01-01 19:35:19,6.81883716583252,6.81883716583252,6.825576464335124,55.70022964477539,58.48524475097656,55.91724522908529,1,19,2,-0.9659258262890684,0.2588190451025203,5.53190803527832,5.53190803527832,5.537707328796387,0.0
2025-01-01 19:40:19,6.8174262046813965,6.81883716583252,6.823460578918457,57.761863708496094,55.70022964477539,56.69487889607748,1,19,2,-0.9659258262890684,0.2588190451025203,5.529087543487549,5.53190803527832,5.535669883092244,-0.0028204917907714
2025-01-01 19:45:19,6.81883716583252,6.8174262046813965,6.820952892303467,55.70022964477539,57.761863708496094,56.76721636454264,1,19,2,-0.9659258262890684,0.2588190451025203,5.529087543487549,5.529087543487549,5.533710797627767,0.0
2025-01-01 19:50:19,6.821187973022461,6.81883716583252,6.819934129714966,55.19386672973633,55.70022964477539,56.39949862162272,1,19,2,-0.9659258262890684,0.2588190451025203,5.53190803527832,5.529087543487549,5.5320649941762285,0.0028204917907714
2025-01-01 19:55:19,6.824949264526367,6.821187973022461,6.820012489954631,55.51938629150391,55.19386672973633,56.39347012837728,1,19,2,-0.9659258262890684,0.2588190451025203,5.5272064208984375,5.53190803527832,5.530184268951416,-0.0047016143798828
2025-01-01 20:00:19,6.824949264526367,6.824949264526367,6.821031173070272,56.42361068725586,55.51938629150391,56.04986445109049,1,20,2,-0.8660254037844386,0.5000000000000001,5.524855613708496,5.5272064208984375,5.529008865356445,-0.0023508071899414
2025-01-01 20:05:19,6.828240871429443,6.824949264526367,6.822598457336426,214.5182342529297,56.42361068725586,82.51953188578288,1,20,2,-0.8660254037844386,0.5000000000000001,5.523444652557373,5.524855613708496,5.527598301569621,-0.001410961151123
2025-01-01 20:10:19,6.797207832336426,6.828240871429443,6.819228728612264,5.895544052124023,214.5182342529297,73.87514527638753,1,20,2,-0.8660254037844386,0.5000000000000001,5.517332077026367,5.523444652557373,5.525639057159424,-0.0061125755310058
2025-01-01 20:15:19,6.783102035522461,6.797207832336426,6.813272873560588,19.892940521240234,5.895544052124023,67.90726375579834,1,20,2,-0.8660254037844386,0.5000000000000001,5.518272399902344,5.517332077026367,5.523836533228557,0.0009403228759765
2025-01-01 20:20:19,6.769466400146484,6.783102035522461,6.804652611414592,19.603588104248047,19.892940521240234,61.97555065155029,1,20,2,-0.8660254037844386,0.5000000000000001,5.515451431274414,5.518272399902344,5.521093765894572,-0.0028209686279296
2025-01-01 20:25:19,6.760062217712402,6.769466400146484,6.793838103612264,18.844039916992188,19.603588104248047,55.86299292246501,1,20,2,-0.8660254037844386,0.5000000000000001,5.514981269836426,5.515451431274414,5.51905624071757,-0.0004701614379882
2025-01-01 20:30:19,6.762413024902344,6.760062217712402,6.78341539700826,19.603588104248047,18.844039916992188,49.72632249196371,1,20,2,-0.8660254037844386,0.5000000000000001,5.515921592712402,5.514981269836426,5.517567237218221,0.0009403228759765
2025-01-01 20:35:19,6.7572407722473145,6.762413024902344,6.771582047144572,19.603588104248047,19.603588104248047,17.240548133850098,1,20,2,-0.8660254037844386,0.5000000000000001,5.510749340057373,5.515921592712402,5.515451351801555,-0.0051722526550292
2025-01-01 20:40:19,6.757711410522461,6.7572407722473145,6.764999310175578,21.41203689575196,19.603588104248047,19.826630274454757,1,20,2,-0.8660254037844386,0.5000000000000001,5.514981269836426,5.510749340057373,5.515059550603231,0.0042319297790527
2025-01-01 20:45:19,6.747837543487549,6.757711410522461,6.759121894836426,20.18229103088379,21.41203689575196,19.874855359395344,1,20,2,-0.8660254037844386,0.5000000000000001,5.50886869430542,5.514981269836426,5.513492266337077,-0.0061125755310058
2025-01-01 20:50:19,6.7572407722473145,6.747837543487549,6.757084290186564,20.25462913513184,20.18229103088379,19.983362197875977,1,20,2,-0.8660254037844386,0.5000000000000001,5.50886869430542,5.50886869430542,5.512395143508911,0.0
2025-01-01 20:55:19,6.752539157867432,6.7572407722473145,6.755830446879069,21.05034637451172,20.25462913513184,20.3510799407959,1,20,2,-0.8660254037844386,0.5000000000000001,5.510279655456543,5.50886869430542,5.511611541112264,0.001410961151123
2025-01-01 21:00:19,6.747366905212402,6.752539157867432,6.753322760264079,20.471643447875977,21.05034637451172,20.495755831400555,1,21,2,-0.7071067811865477,0.7071067811865474,5.50604772567749,5.510279655456543,5.509965896606445,-0.0042319297790527
2025-01-01 21:05:19,6.74313497543335,6.747366905212402,6.750971794128418,20.5078125,20.471643447875977,20.64645989735921,1,21,2,-0.7071067811865477,0.7071067811865474,5.50651741027832,5.50604772567749,5.509260574976604,0.00046968460083
2025-01-01 21:10:20,6.74313497543335,6.74313497543335,6.7485423882802325,20.543981552124023,20.5078125,20.50178400675456,1,21,2,-0.7071067811865477,0.7071067811865474,5.503226280212402,5.50651741027832,5.507301410039266,-0.0032911300659179
2025-01-01 21:15:19,6.740784168243408,6.74313497543335,6.747366825739543,20.471643447875977,20.543981552124023,20.55000940958659,1,21,2,-0.7071067811865477,0.7071067811865474,5.504636764526367,5.503226280212402,5.506596088409424,0.0014104843139648
2025-01-01 21:20:20,6.7285590171813965,6.740784168243408,6.742586533228557,20.688655853271484,20.471643447875977,20.622347195943195,1,21,2,-0.7071067811865477,0.7071067811865474,5.504636764526367,5.504636764526367,5.505890766779582,0.0
2025-01-01 21:25:20,6.700347423553467,6.7285590171813965,6.733887910842896,20.688655853271484,20.688655853271484,20.56206544240316,1,21,2,-0.7071067811865477,0.7071067811865474,5.5018157958984375,5.504636764526367,5.5044801235198975,-0.0028209686279296
2025-01-01 21:30:20,6.6951751708984375,6.700347423553467,6.725189288457234,21.15885353088379,20.688655853271484,20.676600456237797,1,21,2,-0.7071067811865477,0.7071067811865474,5.4971137046813965,5.5018157958984375,5.502991120020549,-0.004702091217041
2025-01-01 21:35:20,6.690943717956543,6.6951751708984375,6.716490745544434,20.869503021240234,21.15885353088379,20.736882209777832,1,21,2,-0.7071067811865477,0.7071067811865474,5.500875473022461,5.4971137046813965,5.502050797144572,0.0037617683410644
2025-01-01 21:40:20,6.68671178817749,6.690943717956543,6.70708688100179,20.869503021240234,20.869503021240234,20.791135787963867,1,21,2,-0.7071067811865477,0.7071067811865474,5.494762897491455,5.500875473022461,5.500640233357747,-0.0061125755310058
2025-01-01 21:45:20,6.684360980987549,6.68671178817749,6.697683016459147,21.954572677612305,20.869503021240234,21.03829065958659,1,21,2,-0.7071067811865477,0.7071067811865474,5.495233058929443,5.494762897491455,5.499072949091594,0.0004701614379882
2025-01-01 21:50:20,6.686241149902344,6.684360980987549,6.690630038579305,21.19502258300781,21.954572677612305,21.122685114542644,1,21,2,-0.7071067811865477,0.7071067811865474,5.494762897491455,5.495233058929443,5.497427304585774,-0.0004701614379882
2025-01-01 21:55:20,6.686241149902344,6.686241149902344,6.688278992970784,21.80989646911621,21.19502258300781,21.30955855051677,1,21,2,-0.7071067811865477,0.7071067811865474,5.491941452026367,5.494762897491455,5.495781580607097,-0.0028214454650878
2025-01-01 22:00:20,6.67918872833252,6.686241149902344,6.685614585876466,21.80989646911621,21.80989646911621,21.41806570688884,1,22,2,-0.5000000000000004,0.8660254037844384,5.491471290588379,5.491941452026367,5.49484117825826,-0.0004701614379882
2025-01-01 22:05:20,6.67448616027832,6.67918872833252,6.682871659596761,23.14814758300781,21.80989646911621,21.79783980051677,1,22,2,-0.5000000000000004,0.8660254037844384,5.490060806274414,5.491471290588379,5.493038733800252,-0.0014104843139648
2025-01-01 22:10:20,6.6683735847473145,6.67448616027832,6.679815292358398,23.87152862548828,23.14814758300781,22.298177401224773,1,22,2,-0.5000000000000004,0.8660254037844384,5.485358715057373,5.490060806274414,5.491471370061238,-0.004702091217041
2025-01-01 22:15:20,6.667903900146484,6.6683735847473145,6.677072445551555,23.36516189575196,23.87152862548828,22.533275604248047,1,22,2,-0.5000000000000004,0.8660254037844384,5.482067584991455,5.485358715057373,5.489277124404907,-0.0032911300659179
2025-01-01 22:20:20,6.670254707336426,6.667903900146484,6.674408038457234,23.582176208496094,23.36516189575196,22.931134541829422,1,22,2,-0.5000000000000004,0.8660254037844384,5.480186462402344,5.482067584991455,5.486847718556722,-0.0018811225891113
2025-01-01 22:25:20,6.67448616027832,6.670254707336426,6.6724488735198975,23.4375,23.582176208496094,23.202401796976726,1,22,2,-0.5000000000000004,0.8660254037844384,5.478775978088379,5.480186462402344,5.484653472900391,-0.0014104843139648
2025-01-01 22:30:20,6.676367282867432,6.67448616027832,6.67197863260905,22.89496612548828,23.4375,23.3832467397054,1,22,2,-0.5000000000000004,0.8660254037844384,5.4764251708984375,5.478775978088379,5.4821457862854,-0.0023508071899414
2025-01-01 22:35:20,6.676367282867432,6.676367282867432,6.672292153040568,21.91840362548828,22.89496612548828,23.17828941345215,1,22,2,-0.5000000000000004,0.8660254037844384,5.4750142097473145,5.4764251708984375,5.479638020197551,-0.001410961151123
2025-01-01 22:40:20,6.67448616027832,6.676367282867432,6.673310915629069,21.80989646911621,21.91840362548828,22.834684054056805,1,22,2,-0.5000000000000004,0.8660254037844384,5.475484848022461,5.4750142097473145,5.477992375691732,0.0004706382751464
2025-01-01 22:45:20,6.672135353088379,6.67448616027832,6.674016157786052,21.37586784362793,21.80989646911621,22.503135045369465,1,22,2,-0.5000000000000004,0.8660254037844384,5.47313404083252,5.475484848022461,5.476503451665242,-0.0023508071899405
2025-01-01 22:50:20,6.667903900146484,6.672135353088379,6.673624356587728,22.09924697875977,21.37586784362793,22.255980173746742,1,22,2,-0.5000000000000004,0.8660254037844384,5.469372272491455,5.47313404083252,5.474701086680095,-0.0037617683410653
2025-01-01 22:55:20,6.664612293243408,6.667903900146484,6.671978712081909,22.96730232238769,22.09924697875977,22.17761389414469,1,22,2,-0.5000000000000004,0.8660254037844384,5.466080665588379,5.469372272491455,5.472585201263428,-0.0032916069030761
2025-01-01 23:00:20,6.658970355987549,6.664612293243408,6.669079224268596,23.07580947875977,22.96730232238769,22.207754453023277,1,23,2,-0.2588190451025215,0.965925826289068,5.4637298583984375,5.466080665588379,5.470469315846761,-0.0023508071899414
2025-01-01 23:05:20,6.65379810333252,6.658970355987549,6.66531769434611,24.08854103088379,23.07580947875977,22.56944402058919,1,23,2,-0.2588190451025215,0.965925826289068,5.461379051208496,5.4637298583984375,5.468196789423625,-0.0023508071899414
2025-01-01 23:10:20,6.649566173553467,6.65379810333252,6.661164363225301,24.450231552124023,24.08854103088379,23.00949986775716,1,23,2,-0.2588190451025215,0.965925826289068,5.461379051208496,5.461379051208496,5.465845823287964,0.0
2025-01-01 23:15:20,6.64862585067749,6.649566173553467,6.657246112823486,24.95659637451172,24.450231552124023,23.606287956237797,1,23,2,-0.2588190451025215,0.965925826289068,5.46090841293335,5.461379051208496,5.463808218638103,-0.0004706382751464
2025-01-01 23:20:20,6.648155212402344,6.64862585067749,6.65395466486613,24.486400604248047,24.95659637451172,24.00414689381917,1,23,2,-0.2588190451025215,0.965925826289068,5.458557605743408,5.46090841293335,5.462005774180095,-0.0023508071899414
2025-01-01 23:25:20,6.648155212402344,6.648155212402344,6.651211818059285,25.17361259460449,24.486400604248047,24.371865272521973,1,23,2,-0.2588190451025215,0.965925826289068,5.454326152801514,5.458557605743408,5.460046688715617,-0.0042314529418945
2025-01-01 23:30:20,6.650506496429443,6.648155212402344,6.6498011747996015,24.450231552124023,25.17361259460449,24.600935618082683,1,23,2,-0.2588190451025215,0.965925826289068,5.451504707336426,5.454326152801514,5.458009163538615,-0.0028214454650878
2025-01-01 23:35:20,6.652857780456543,6.650506496429443,6.649644454320272,24.08854103088379,24.450231552124023,24.600935618082683,1,23,2,-0.2588190451025215,0.965925826289068,5.450564384460449,5.451504707336426,5.456206719080607,-0.0009403228759765
2025-01-01 23:40:21,6.655208587646484,6.652857780456543,6.650584856669108,24.4140625,24.08854103088379,24.59490744272868,1,23,2,-0.2588190451025215,0.965925826289068,5.452445030212402,5.450564384460449,5.454717715581258,0.0018806457519531
2025-01-01 23:45:20,6.65426778793335,6.655208587646484,6.651525179545085,24.884260177612305,24.4140625,24.58285140991211,1,23,2,-0.2588190451025215,0.965925826289068,5.452915668487549,5.452445030212402,5.453385591506958,0.0004706382751464
2025-01-01 23:50:21,6.660380840301514,6.65426778793335,6.653562784194946,25.17361259460449,24.884260177612305,24.697386741638184,1,23,2,-0.2588190451025215,0.965925826289068,5.451974868774414,5.452915668487549,5.452288468678792,-0.0009407997131347
2025-01-01 23:55:20,6.658970355987549,6.660380840301514,6.6553653081258135,24.269386291503903,25.17361259460449,24.54668235778809,1,23,2,-0.2588190451025215,0.965925826289068,5.450564384460449,5.451974868774414,5.451661507288615,-0.0014104843139648
2025-01-02 00:00:21,6.662261486053467,6.658970355987549,6.657324473063151,24.16087913513184,24.269386291503903,24.49845695495605,1,0,3,0.0,1.0,5.447272777557373,5.450564384460449,5.4509561856587725,-0.0032916069030761
2025-01-02 00:05:21,6.667903900146484,6.662261486053467,6.659832159678142,23.94386482238769,24.16087913513184,24.47434425354004,1,0,3,0.0,1.0,5.440220355987549,5.447272777557373,5.449232180913289,-0.0070524215698242
2025-01-02 00:10:21,6.674956798553467,6.667903900146484,6.663123528162639,22.677949905395508,23.94386482238769,24.18499215443929,1,0,3,0.0,1.0,5.437869071960449,5.440220355987549,5.446802854537964,-0.0023512840270996
2025-01-02 00:15:21,6.678718090057373,6.674956798553467,6.6671985785166425,22.24392509460449,22.677949905395508,23.74493630727132,1,0,3,0.0,1.0,5.4383392333984375,5.437869071960449,5.444373448689778,0.0004701614379882
2025-01-02 00:20:21,6.686241149902344,6.678718090057373,6.67150863011678,21.556713104248047,22.24392509460449,23.14211972554525,1,0,3,0.0,1.0,5.439749717712402,5.4383392333984375,5.442335923512776,0.0014104843139648
2025-01-02 00:25:21,6.69188404083252,6.686241149902344,6.676994244257609,21.448205947875977,21.556713104248047,22.671923001607254,1,0,3,0.0,1.0,5.440690040588379,5.439749717712402,5.440690199534099,0.0009403228759765
2025-01-02 00:30:21,6.6951751708984375,6.69188404083252,6.6824798583984375,21.520544052124023,21.448205947875977,22.23186715443929,1,0,3,0.0,1.0,5.44257116317749,5.440690040588379,5.439906597137451,0.0018811225891113
2025-01-02 00:35:21,6.696585655212402,6.6951751708984375,6.687260150909424,20.869503021240234,21.520544052124023,21.719473520914715,1,0,3,0.0,1.0,5.437869071960449,5.44257116317749,5.439514716466268,-0.004702091217041
2025-01-02 00:40:21,6.697525978088379,6.696585655212402,6.691021680831909,20.978010177612305,20.869503021240234,21.436150232950848,1,0,3,0.0,1.0,5.435988426208496,5.437869071960449,5.439201275507609,-0.0018806457519531
2025-01-02 00:55:21,6.69234848022461,6.697525978088379,6.693293412526448,19.92910957336425,20.978010177612305,21.050347646077476,1,0,3,0.0,1.0,5.4511602202667,5.435988426208496,5.44133810665232,0.0151717940582036
2025-01-02 01:00:21,6.690943717956543,6.69234848022461,6.694077173868815,19.42274284362793,19.92910957336425,20.69468593597412,1,1,3,0.2588190451025207,0.9659258262890684,5.4373890522461,5.4511602202667,5.4409446624079365,-0.0137711680205994
2025-01-02 01:15:21,6.688122272491455,6.690943717956543,6.693450212478638,19.603588104248047,19.42274284362793,20.3872496287028,1,1,3,0.2588190451025207,0.9659258262890684,5.43269681930542,5.4373890522461,5.439612458860776,-0.0046922329406804
2025-01-02 01:20:21,6.683890342712402,6.688122272491455,6.691569407780965,19.53125,19.603588104248047,20.05570062001546,1,1,3,0.2588190451025207,0.9659258262890684,5.43034553527832,5.43269681930542,5.437574854210915,-0.0023512840270996
2025-01-02 01:25:21,6.682009696960449,6.683890342712402,6.68914008140564,19.53125,19.53125,19.83265844980876,1,1,3,0.2588190451025207,0.9659258262890684,5.43034553527832,5.43034553527832,5.4363209314305605,0.0
2025-01-02 01:30:21,6.67965841293335,6.682009696960449,6.686162153879802,18.5546875,19.53125,19.42877133687337,1,1,3,0.2588190451025207,0.9659258262890684,5.44304084777832,5.43034553527832,5.437496335025531,0.0126953125
2025-01-02 01:35:21,6.681539535522461,6.67965841293335,6.68436066309611,18.5546875,18.5546875,19.199700991312664,1,1,3,0.2588190451025207,0.9659258262890684,5.42611408236426,5.44304084777832,5.433321978708457,-0.0169267654140599
2025-01-02 02:05:21,6.676367282867432,6.681539535522461,6.681931257247925,19.42274284362793,18.5546875,19.199700991312664,1,2,3,0.4999999999999999,0.8660254037844387,5.436458587646484,5.42611408236426,5.433166901275187,0.0103445052822239
2025-01-02 02:10:21,6.6777777671813965,6.676367282867432,6.680207173029582,19.24189758300781,19.42274284362793,19.139419237772625,1,2,3,0.4999999999999999,0.8660254037844387,5.437398910522461,5.436458587646484,5.433950583144694,0.0009403228759765
2025-01-02 02:15:21,6.676367282867432,6.6777777671813965,6.678953329722087,19.16955947875977,19.24189758300781,19.079137484232582,1,2,3,0.4999999999999999,0.8660254037844387,5.43504810333252,5.437398910522461,5.434734344487062,-0.0023508071899405
2025-01-02 02:20:21,6.67683744430542,6.676367282867432,6.678091287612915,18.88020896911621,19.16955947875977,18.970630645751957,1,2,3,0.4999999999999999,0.8660254037844387,5.43504810333252,5.43504810333252,5.435518105829428,0.0
2025-01-02 02:25:21,6.677307605743408,6.67683744430542,6.677699486414592,18.916378021240234,18.88020896911621,19.030912399291992,1,2,3,0.4999999999999999,0.8660254037844387,5.4383392333984375,5.43504810333252,5.434734503432781,0.003291130065917
2025-01-02 02:30:22,6.677307605743408,6.677307605743408,6.676994164784749,19.892940521240234,18.916378021240234,19.2539545694987,1,2,3,0.4999999999999999,0.8660254037844387,5.44257116317749,5.4383392333984375,5.437477350234985,0.0042319297790527
2025-01-02 02:35:22,6.67683744430542,6.677307605743408,6.677072525024414,19.386573791503903,19.892940521240234,19.24792639414469,1,2,3,0.4999999999999999,0.8660254037844387,5.440690040588379,5.44257116317749,5.438182592391968,-0.0018811225891113
2025-01-02 02:40:21,6.678718090057373,6.67683744430542,6.677229245503743,20.25462913513184,19.386573791503903,19.416714986165363,1,2,3,0.4999999999999999,0.8660254037844387,5.441160202026367,5.440690040588379,5.438809474309285,0.0004701614379882
2025-01-02 02:45:21,6.681539535522461,6.678718090057373,6.678091287612915,19.27806663513184,20.25462913513184,19.43479951222737,1,2,3,0.4999999999999999,0.8660254037844387,5.438809394836426,5.441160202026367,5.439436356226604,-0.0023508071899414
2025-01-02 02:50:22,6.681539535522461,6.681539535522461,6.678874969482422,19.42274284362793,19.27806663513184,19.525221824646,1,2,3,0.4999999999999999,0.8660254037844387,5.4383392333984375,5.438809394836426,5.439984877904256,-0.0004701614379882
2025-01-02 03:55:22,6.67401647567749,6.681539535522461,6.678326447804769,21.91840362548828,19.42274284362793,20.025559425354004,1,3,3,0.7071067811865476,0.7071067811865476,5.45185551456367,5.4383392333984375,5.442237591431795,0.0135162811652325
2025-01-02 04:05:22,7.67605514526367,6.67401647567749,6.844784371058146,22.605613708496094,21.91840362548828,20.47767162322998,1,4,3,0.8660254037844386,0.5000000000000001,4.45326152801514,5.45185551456367,5.27735265223807,-0.9985939865485296
2025-01-02 04:10:22,6.669314380460449,7.67605514526367,6.843530527083984,22.89496612548828,22.605613708496094,21.062403678894043,1,4,3,0.8660254037844386,0.5000000000000001,5.45479583640344,4.45326152801514,5.279703618207247,1.0015343083882993
2025-01-02 04:15:22,6.669314384460449,6.669314380460449,6.84196324281783,23.07580947875977,22.89496612548828,21.53260040283203,1,4,3,0.8660254037844386,0.5000000000000001,5.453855514526367,5.45479583640344,5.281819503623914,-0.0009403218770724
2025-01-02 04:20:22,6.664612293243408,6.669314384460449,6.839142035771321,22.677949905395508,23.07580947875977,22.099247614542644,1,4,3,0.8660254037844386,0.5000000000000001,5.45526647567749,5.453855514526367,5.2845623504307575,0.001410961151123
2025-01-02 04:25:22,6.664612293243408,6.664612293243408,6.836320828724812,22.85879707336425,22.677949905395508,22.6719233194987,1,4,3,0.8660254037844386,0.5000000000000001,5.456206798553467,5.45526647567749,5.287540277956595,0.0009403228759765
2025-01-02 04:30:22,6.6650824546813965,6.664612293243408,6.834831825225463,23.22048759460449,22.85879707336425,22.8889373143514,1,4,3,0.8660254037844386,0.5000000000000001,5.4590277671813965,5.456206798553467,5.288735653392883,0.0028209686279296
2025-01-02 04:35:22,6.66132116317749,6.6650824546813965,6.665709494877767,23.18431663513184,23.22048759460449,22.985387802124023,1,4,3,0.8660254037844386,0.5000000000000001,5.458557605743408,5.4590277671813965,5.456284999680928,-0.0004701614379882
2025-01-02 04:40:22,5.459498405456543,6.66132116317749,6.464073499043782,23.22048759460449,23.18431663513184,23.03964138031006,1,4,3,0.8660254037844386,0.5000000000000001,7.99652761813965,5.458557605743408,5.87990696330363,2.537970012396242
2025-01-02 06:00:23,6.6396918296813965,5.459498405456543,6.459136406580607,24.992765426635746,23.22048759460449,23.359134038289387,1,6,3,1.0,6.123233995736766e-17,5.459498405456543,7.99652761813965,5.880847445125326,-2.537029212683107
2025-01-02 06:05:23,6.63640022277832,6.6396918296813965,6.454434394836426,25.06510353088379,24.992765426635746,23.75699297587077,1,6,3,1.0,6.123233995736766e-17,5.457147121429443,5.459498405456543,5.881160886083985,-0.0023512840270996
2025-01-02 06:10:23,6.634990215301514,6.63640022277832,6.44949738184611,25.20978164672852,25.06510353088379,24.148823738098145,1,6,3,1.0,6.123233995736766e-17,5.457617282867432,5.457147121429443,5.881395966802979,0.0004701614379882
2025-01-02 06:15:23,6.630758285522461,6.634990215301514,6.443776686986287,25.390625,25.20978164672852,24.510513305664062,1,6,3,1.0,6.123233995736766e-17,5.46090841293335,5.457617282867432,5.881709407761638,0.0032911300659179
2025-01-02 06:30:23,6.62464570999455,6.630758285522461,6.437664111455798,25.860822677612305,25.390625,24.956597646077476,1,6,3,1.0,6.123233995736766e-17,5.46090841293335,5.46090841293335,5.882101208959962,0.0
2025-01-02 06:35:23,6.622295902801514,6.62464570999455,6.631463694346626,26.15017509460449,25.860822677612305,25.444878896077476,1,6,3,1.0,6.123233995736766e-17,5.4590277671813965,5.46090841293335,5.459184567133586,-0.0018806457519531
2025-01-02 06:40:23,5.459027667181397,6.622295902801514,6.43468633392996,25.89698982238769,26.15017509460449,25.595582962036133,1,6,3,1.0,6.123233995736766e-17,7.99558774897988,5.4590277671813965,5.881866124387475,2.536559981798484
2025-01-02 07:20:23,6.605837821960449,5.459027667181397,6.429592600460314,27.88628387451172,25.89698982238769,26.06577968597412,1,7,3,0.9659258262890684,-0.2588190451025206,5.456676959991455,7.99558774897988,5.88178776414781,-2.5389107889884253
2025-01-02 07:25:23,6.6048970222473145,6.605837821960449,6.424577068284614,28.03096008300781,27.88628387451172,26.53597609202067,1,7,3,0.9659258262890684,-0.2588190451025206,5.452445030212402,5.456676959991455,5.880925722038639,-0.0042319297790527
2025-01-02 07:30:24,6.608189105987549,6.6048970222473145,6.420815538362128,28.06712913513184,28.03096008300781,26.982060114542644,1,7,3,0.9659258262890684,-0.2588190451025206,5.452445030212402,5.452445030212402,5.879515158251814,0.0
2025-01-02 07:35:24,6.609128952026367,6.608189105987549,6.418229412034099,28.21180534362793,28.06712913513184,27.373890558878585,1,7,3,0.9659258262890684,-0.2588190451025206,5.450564384460449,5.452445030212402,5.8777911535063305,-0.0018806457519531
2025-01-02 07:40:24,6.61100959777832,6.609128952026367,6.416348361196899,27.95862197875977,28.21180534362793,27.67529837290446,1,7,3,0.9659258262890684,-0.2588190451025206,5.446803092956543,5.450564384460449,5.875753707802189,-0.0037612915039062
2025-01-02 07:45:24,6.618062973022461,6.61100959777832,6.60952091217041,27.705440521240234,27.95862197875977,27.97670682271321,1,7,3,0.9659258262890684,-0.2588190451025206,5.446803092956543,5.446803092956543,5.450956265131633,0.0
2025-01-02 07:50:24,6.618533134460449,6.618062973022461,6.611636797587077,28.03096008300781,27.705440521240234,28.00081952412923,1,7,3,0.9659258262890684,-0.2588190451025206,5.444451808929443,5.446803092956543,5.448918739954631,-0.0023512840270996
2025-01-02 07:55:24,6.62370491027832,6.618533134460449,6.614771445592244,27.77777862548828,28.03096008300781,27.958622614542644,1,7,3,0.9659258262890684,-0.2588190451025206,5.443511486053467,5.444451808929443,5.447429815928142,-0.0009403228759765
